visit_id,species,visit_start,visit_end,duration_seconds,max_count_seen
21775447-f92f-41b4-9d2a-f442da8a3b1a,bird,2026-04-21 15:37:34,2026-04-21 15:37:48,13.84,1
c31c748c-8ab0-4ae1-85b3-966a851b7643,bird,2026-04-21 15:38:18,2026-04-21 15:38:22,3.89,1
07556157-0a30-49cb-b001-8b2a31476469,bird,2026-04-21 15:38:40,2026-04-21 15:38:40,0.51,1
5d15d580-050b-48e4-9842-304238559404,bird,2026-04-21 15:39:04,2026-04-21 15:39:05,0.42,1
2d63b4d0-33df-48a2-b83f-402bea14b5a9,antelope_like,2026-05-26 13:24:23,2026-05-26 13:25:10,46.99,1
316f1cdc-085b-42da-9de5-7344836cc31e,antelope_like,2026-05-26 13:26:03,2026-05-26 13:26:03,0.0,1
f47ba622-76f9-4877-a48d-69af295a01a9,elephant,2026-05-26 13:27:52,2026-05-26 13:27:53,0.36,1
82f58c04-d08f-4df1-a3bf-1ddcc3d4b6ca,antelope_like,2026-05-26 13:26:54,2026-05-26 13:28:48,113.65,3
00f6f976-e0fa-4bd2-8ff9-5d6719bbd3f4,antelope_like,2026-05-26 13:29:01,2026-05-26 13:29:15,14.33,2
447cfea1-7aab-4861-806a-09d254acba63,antelope_like,2026-05-26 13:29:31,2026-05-26 13:29:44,13.0,2
f1dfc08e-69e6-44c9-aa09-1ae41fac6673,antelope_like,2026-05-26 13:30:07,2026-05-26 13:30:17,9.82,1
d8d931fa-9213-4620-9354-2089c6931726,antelope_like,2026-05-26 13:30:41,2026-05-26 13:30:41,0.1,1
164fb33b-6219-4596-8936-862b2ce7bcfb,antelope_like,2026-05-26 13:30:59,2026-05-26 13:31:38,38.97,2
e991db21-d65e-4d38-ae44-4894ea7cfcb3,antelope_like,2026-05-26 13:31:58,2026-05-26 13:32:25,27.93,1
c973869f-4b45-4ae4-936c-2c179cd58d6d,antelope_like,2026-05-26 13:32:57,2026-05-26 13:33:10,13.44,1
c4c9bb91-e141-4a3a-99d2-03fa4c1259ff,antelope_like,2026-05-26 13:33:50,2026-05-26 13:33:50,0.09,1
a28902dd-7cb4-42a3-9626-811410624aff,antelope_like,2026-05-26 13:34:05,2026-05-26 13:34:18,13.06,1
90cffe57-1f30-4848-80b7-59567a034236,ungulate,2026-05-26 13:50:38,2026-05-26 13:50:43,4.67,1
a275f16b-2a18-49b7-8f07-d8de6d95b166,antelope_like,2026-05-26 13:48:38,2026-05-26 13:52:09,211.01,5
bbb8ca31-d39b-471b-ac94-4293343e6efe,ungulate,2026-05-26 13:52:15,2026-05-26 13:52:21,6.33,1
3d8572dd-aaa7-4355-8a87-39bfeeba5249,ungulate,2026-05-26 13:52:48,2026-05-26 13:52:48,0.12,1
b3a4c3f0-bf35-42db-a69d-c3c0b8e19ba5,antelope_like,2026-05-26 13:52:19,2026-05-26 13:52:49,29.97,2
6e886782-ccb7-4777-94c3-a421b9c892b6,antelope_like,2026-05-26 13:53:00,2026-05-26 13:54:52,112.39,5
f6863aa8-6f5b-417b-82ae-b12c061caf3e,antelope_like,2026-05-26 13:55:04,2026-05-26 13:55:12,7.61,1
1113a0e3-9ddd-4d95-b037-cd26bfbf9829,ungulate,2026-05-26 13:54:10,2026-05-26 13:55:24,74.73,1
59986ccd-de02-4398-b3b7-202bccdce01f,ungulate,2026-05-26 13:55:37,2026-05-26 13:56:30,52.97,1
edb45bf4-33ce-40ff-8dc4-760a885c92c0,ungulate,2026-05-26 13:56:40,2026-05-26 13:56:41,0.69,1
983fcc40-663c-450b-b54b-fd2395208fa4,ungulate,2026-05-26 13:57:04,2026-05-26 13:57:04,0.43,1
663b8bc5-dd73-4a30-bcf1-372382459b1e,ungulate,2026-05-26 13:57:26,2026-05-26 13:57:26,0.24,1
9f3c39ab-d52c-4330-89a2-6767bf24e934,ungulate,2026-05-26 13:58:10,2026-05-26 13:58:11,1.12,1
9d508943-3d27-4ad1-92c8-38ddb8798243,ungulate,2026-05-26 13:58:23,2026-05-26 13:58:23,0.09,1
5fc8f8fa-b612-4424-9fc7-69a52bc83994,bird,2026-05-26 14:00:51,2026-05-26 14:00:52,0.72,1
0e62d23b-2623-40af-8b89-6cc11890e255,ungulate,2026-05-26 14:02:08,2026-05-26 14:02:08,0.61,1
20a566a5-0c6d-4c88-a120-8252ca4f5157,ungulate,2026-05-26 14:04:12,2026-05-26 14:04:23,11.39,1
76ff954a-7321-4465-ab01-fa84014f2754,ungulate,2026-05-26 14:04:33,2026-05-26 14:04:33,0.11,1
ca99500d-e7eb-4456-b5db-2af13fa7b712,ungulate,2026-05-26 14:04:44,2026-05-26 14:04:49,4.92,1
81adcd17-8e8d-4bd7-962a-827dafc4f378,ungulate,2026-05-26 14:05:03,2026-05-26 14:05:04,1.27,1
f6af0b84-7a39-4ce2-94c0-2fd672149a55,elephant,2026-05-26 14:05:12,2026-05-26 14:05:21,9.7,2
c1b0bb52-28a8-440a-8708-fa25e25fcd7d,ungulate,2026-05-26 14:05:48,2026-05-26 14:05:49,0.3,1
c600c93b-1c26-42cd-9b2f-c4e6d9a50322,ungulate,2026-05-26 14:07:18,2026-05-26 14:07:48,30.06,2
472b8225-366d-48dc-874a-24b738ad6a6e,ungulate,2026-05-26 14:08:03,2026-05-26 14:08:23,19.91,1
bd602ef7-61d8-47ed-ab46-bf35743bd3fb,ungulate,2026-05-26 14:08:33,2026-05-26 14:08:42,9.0,1
8921af77-7490-4695-886e-c0df3d18aecb,bird,2026-05-26 14:09:13,2026-05-26 14:09:13,0.0,1
04ff796b-4d11-47dc-b3b7-eb97667af4db,bird,2026-05-26 14:09:52,2026-05-26 14:09:59,6.65,1
0b5b18aa-123e-4a45-b0b7-9d7f61797021,ungulate,2026-05-26 14:09:35,2026-05-26 14:09:59,23.95,2
f4e30d9b-011f-46dc-b218-16912ce4063c,ungulate,2026-05-26 14:10:22,2026-05-26 14:10:38,15.61,2
21f8daa7-cb46-4d42-927e-67477ab82006,antelope_like,2026-05-26 13:55:24,2026-05-26 14:10:54,930.05,8
d2dfa825-d90d-4a9a-9822-005beffa29f5,bird,2026-05-26 14:35:46,2026-05-26 14:35:46,0.0,1
f38bb0c9-bb4b-46b9-aaf7-627d59fcacf5,elephant,2026-05-26 14:36:00,2026-05-26 14:36:00,0.86,2
cd427c21-9134-45ba-a770-13df857350e0,antelope_like,2026-05-26 14:35:28,2026-05-26 14:36:41,72.81,2
04d8f1d4-8fb4-4ef5-b581-4c830e5cc685,elephant,2026-05-26 14:36:52,2026-05-26 14:36:52,0.0,1
ed6b78e5-b323-436a-92df-47bc234c1e7e,bird,2026-05-26 14:37:17,2026-05-26 14:37:28,10.59,1
6b0ebd72-4d66-48be-962a-825b6568fafe,bird,2026-05-26 14:38:35,2026-05-26 14:38:47,12.15,1
9408ea49-871d-4dd4-a905-b18dfc4be6c2,ungulate,2026-05-26 14:38:52,2026-05-26 14:38:53,0.42,1
1edd21aa-047d-4a8a-b95c-124f18f8c293,bird,2026-05-26 14:39:21,2026-05-26 14:39:26,5.07,1
9b8746f1-c783-4f16-94cb-6a49cc76e3f1,bird,2026-05-26 14:39:44,2026-05-26 14:39:44,0.07,1
698fd9e8-8205-4e06-8d09-3b1d15008b1a,ungulate,2026-05-26 14:40:38,2026-05-26 14:40:38,0.0,1
e0dd32ea-e4bb-4a29-ade1-196e1575983f,bird,2026-05-26 14:41:55,2026-05-26 14:41:58,2.9,1
69408931-5c7a-43fe-88d6-e7f6ca627bce,antelope_like,2026-05-26 14:36:51,2026-05-26 14:44:35,464.02,2
045c54b5-af10-459b-b61e-017f65872ccf,antelope_like,2026-05-26 14:50:31,2026-05-26 14:52:27,116.1,1
436cdb14-bd03-4a43-abf5-1135c2d52bd7,antelope_like,2026-05-26 15:10:32,2026-05-26 15:13:42,189.67,3
eba309a9-a234-44d2-b35e-bf2f40431925,bird,2026-05-26 17:00:38,2026-05-26 17:01:05,27.54,1
8f059ea2-4389-487a-869f-5ece1a335ba2,giraffe,2026-05-26 17:01:10,2026-05-26 17:01:10,0.09,1
464409d8-6e6e-431a-96ab-52c63d5c3a5b,zebra,2026-05-26 17:01:02,2026-05-26 17:01:11,9.45,1
655653aa-34fb-403f-b8aa-fa0b03172664,giraffe,2026-05-26 17:01:23,2026-05-26 17:01:24,0.56,1
c0777562-2e8b-4238-81f1-73d0fbb5cfde,zebra,2026-05-26 17:01:52,2026-05-26 17:02:33,40.76,2
f251f58c-f50d-40d5-8426-083729447273,giraffe,2026-05-26 17:03:40,2026-05-26 17:03:40,0.0,1
6f51807e-b9ec-4dd8-9eef-cd6ef885d2b3,zebra,2026-05-26 17:03:16,2026-05-26 17:05:18,122.35,2
c34aa48f-aa6a-42f4-a3b3-680cc05b2f1a,bird,2026-05-26 17:05:14,2026-05-26 17:05:19,5.06,1
14b50aaa-4831-498d-879a-4af31dbd0bb1,bird,2026-05-26 17:05:29,2026-05-26 17:05:29,0.0,1
ab155430-dabd-4101-9922-672708178a50,zebra,2026-05-26 17:05:36,2026-05-26 17:05:57,21.27,1
b72cfa3a-8a7b-4848-9a85-e3a329a3bd09,bird,2026-05-26 17:08:29,2026-05-26 17:08:44,14.82,1
3e2e2277-7046-4376-a24d-7f20ad7f69b3,bird,2026-05-26 17:09:06,2026-05-26 17:09:23,17.22,1
03a609d0-a02b-418e-bc9e-7a171d5fc62a,bird,2026-05-26 17:09:51,2026-05-26 17:09:51,0.07,1
bc6cff0f-e2a9-4191-b0a1-3008812d2a77,bird,2026-05-26 17:10:16,2026-05-26 17:10:39,23.37,1
b2c28879-b67f-4a60-a9ee-a2b024844de3,bird,2026-05-26 17:10:54,2026-05-26 17:10:54,0.07,1
bb557854-d6d4-4b01-8b54-2ceac64c0fec,bird,2026-05-26 17:11:05,2026-05-26 17:11:57,52.65,1
d1c5ef26-a19d-43b2-b996-c74d50f25c0e,bird,2026-05-26 17:12:46,2026-05-26 17:12:46,0.37,1
66bd53a0-ae62-4103-a123-2bff7556c05a,zebra,2026-05-27 08:22:16,2026-05-27 08:22:23,7.05,1
19a8d921-3114-45da-8446-98b29a72733b,zebra,2026-05-27 08:22:35,2026-05-27 08:22:37,1.41,2
48325c0a-323c-4138-9e3c-7dc4bed9c3bd,antelope_like,2026-05-27 08:25:20,2026-05-27 08:25:20,0.5,1
e0481eea-1862-4e5d-9586-36702e6dadd5,antelope_like,2026-05-27 08:25:47,2026-05-27 08:25:47,0.24,1
e3d9b4a7-9092-40fe-9ebf-600083f6d07c,ungulate,2026-05-27 08:26:05,2026-05-27 08:26:05,0.6,1
b3f8ea2a-f4b1-4e7e-82da-bef7a1dabd4d,ungulate,2026-05-27 15:20:05,2026-05-27 15:20:07,2.14,1
30e7fd58-57e8-4904-a8d6-e4f828dbae18,ungulate,2026-05-27 15:20:21,2026-05-27 15:20:29,7.66,1
1456a775-dd15-4e1b-8d0e-fe68898c8b5d,ungulate,2026-05-27 15:21:08,2026-05-27 15:21:15,6.62,1
9a911ae0-28a2-45cb-aaac-7db7376494fe,antelope_like,2026-05-27 15:18:24,2026-05-27 15:21:16,172.61,3
c591f63b-e264-4bc8-af01-0a4fe0669384,bird,2026-05-27 15:21:25,2026-05-27 15:21:28,2.97,1
5596f486-b7d5-4f61-9ea0-2241b8b7facf,ungulate,2026-05-27 15:21:36,2026-05-27 15:21:36,0.0,1
21b1c989-9eb9-46fb-ae3f-05cb2785f351,antelope_like,2026-05-27 15:21:28,2026-05-27 15:53:58,1949.38,2
55cc574f-81ac-4289-94ac-441988838cc1,antelope_like,2026-05-27 17:36:14,2026-05-27 17:37:02,47.55,1
acaa929b-7e43-4c71-ab2e-edfd69037835,elephant,2026-05-27 17:36:15,2026-05-27 17:37:23,67.41,1
1ff65d78-a385-4cd7-9f30-8a0e454a74a0,elephant,2026-05-27 17:38:13,2026-05-27 17:38:14,0.94,1
2fd25558-e181-4ff5-8d50-aafbadf3d370,bird,2026-05-27 17:38:46,2026-05-27 17:38:46,0.0,1
c1dd3a3a-64d1-49ab-8603-df276334cb35,elephant,2026-05-27 17:38:33,2026-05-27 17:39:00,27.61,1
2a451602-0eae-4ca5-83cb-504cc6e715dd,bird,2026-05-27 17:39:37,2026-05-27 17:39:42,4.17,1
2d63e442-3119-4ad6-bbf6-30b5696e2053,elephant,2026-05-27 17:39:28,2026-05-27 17:39:58,29.3,1
14a5b342-41d4-4109-93a2-5644e3798da8,antelope_like,2026-05-27 17:37:19,2026-05-27 17:40:44,205.2,1
0888b8b8-deee-4381-887e-34a5ee2b2efa,bird,2026-05-27 17:40:57,2026-05-27 17:40:57,0.18,1
ead17e53-9379-4fcf-af8c-b1290663d942,antelope_like,2026-05-27 17:40:55,2026-05-27 17:40:59,3.67,1
60448e8b-e346-47cb-a4d3-9da52d9404a4,antelope_like,2026-05-27 17:41:29,2026-05-27 17:42:14,45.0,1
6de831cf-3f2f-4c01-8452-b5483347d28d,elephant,2026-05-27 17:40:08,2026-05-27 17:43:19,190.45,1
1762168a-ba82-47ae-b354-a4ba8d4abeb2,elephant,2026-05-27 17:43:34,2026-05-27 17:44:00,25.78,1
c02144e9-9e76-45db-8aea-277a9d9828e6,antelope_like,2026-05-27 17:42:28,2026-05-27 17:47:22,293.68,1
aa0fe85f-d3cd-4b1a-b0ad-579ae88d0991,zebra,2026-05-28 09:59:14,2026-05-28 09:59:19,4.63,1
81c82b5c-aa2d-442a-88cb-ede1b0aa0dea,antelope_like,2026-05-28 10:00:02,2026-05-28 10:00:02,0.14,1
b24a80b3-b1d0-4196-961d-3a5fa6fa2c39,bird,2026-05-28 10:00:13,2026-05-28 10:00:13,0.66,1
beec8d62-7856-44a2-a782-136c7a8e27c0,bird,2026-05-28 10:00:32,2026-05-28 10:00:32,0.0,1
c3372b66-dbc9-4d1f-9afb-3d599ad1a092,bird,2026-05-28 10:00:46,2026-05-28 10:00:46,0.0,1
cc465edb-6260-4c6f-adfd-f0f5d01f61e7,antelope_like,2026-05-28 10:01:18,2026-05-28 10:01:18,0.0,1
40b17fec-7f45-4bf4-819a-cff517d224c6,zebra,2026-05-28 10:01:19,2026-05-28 10:01:19,0.0,1
9ca8fa84-1985-45bd-9995-8ca4d9736ede,bird,2026-05-28 10:01:14,2026-05-28 10:01:23,9.71,2
a51d8340-672d-42f3-8213-9b0fb287a6df,zebra,2026-05-28 10:01:56,2026-05-28 10:01:58,2.74,2
5679444b-3afe-4f82-807c-6968c4be4dd5,bird,2026-05-28 10:02:09,2026-05-28 10:02:09,0.08,1
b5f9042d-c5dd-4173-bc88-fcc9a4bf9046,antelope_like,2026-05-29 06:33:59,2026-05-29 06:33:59,0.0,1
090644c7-44aa-48ac-bbfc-8b91e6f6e02d,antelope_like,2026-05-29 06:34:31,2026-05-29 06:34:33,1.53,1
e8899580-c256-4b8b-8262-7594df1a287d,bird,2026-05-29 06:32:46,2026-05-29 06:34:51,124.83,3
d1a164ff-f709-41b8-b5a9-3f1c2949b8ac,bird,2026-05-29 06:35:20,2026-05-29 06:35:31,11.53,1
c8139a5b-32f9-4bc4-9d52-9fc400da896a,bird,2026-05-30 11:59:12,2026-05-30 11:59:12,0.0,1
0f59a2f1-7638-48c8-b703-6b9c3ea6bdb1,zebra,2026-05-30 12:00:02,2026-05-30 12:00:35,33.64,1
d6f97ea0-181b-49ff-87ce-29b973728867,ungulate,2026-05-30 12:00:36,2026-05-30 12:00:39,2.83,1
6c187745-b434-4be4-b50d-74e037a57b93,bird,2026-05-30 12:00:39,2026-05-30 12:00:40,0.3,2
4a2782db-1ff9-4b25-80dc-6ed610c462c7,antelope_like,2026-05-30 12:00:36,2026-05-30 12:00:40,3.87,2
3c7314c3-efa5-480f-9eb9-d214db70001f,bird,2026-05-30 12:00:56,2026-05-30 12:01:00,3.66,1
37e6ad29-6503-493a-80a2-61655d8b6dcc,bird,2026-05-30 12:07:43,2026-05-30 12:07:43,0.13,1
